id,Offer Accepted
0,No
1,Yes
2,No
3,No
4,Yes
5,Yes
6,No
7,Yes
8,No
9,Yes
10,Yes
11,No
12,Yes
13,No
14,No
15,Yes
16,Yes
17,Yes
18,Yes
19,Yes
20,Yes
21,Yes
22,Yes
23,Yes
24,No
25,No
26,Yes
27,No
28,Yes
29,Yes
30,Yes
31,Yes
32,Yes
33,No
34,Yes
35,No
36,No
37,Yes
38,Yes
39,Yes
40,Yes
41,Yes
42,Yes
43,Yes
44,Yes
45,No
46,Yes
47,No
48,Yes
49,Yes
50,No
51,No
52,Yes
53,No
54,Yes
55,Yes
56,Yes
57,Yes
58,Yes
59,Yes
60,Yes
61,No
62,No
63,Yes
64,Yes
65,No
66,No
67,Yes
68,Yes
69,No
70,No
71,Yes
72,Yes
73,Yes
74,Yes
75,Yes
76,No
77,Yes
78,Yes
79,Yes
80,No
81,Yes
82,Yes
83,Yes
84,Yes
85,Yes
86,Yes
87,Yes
88,Yes
89,Yes
90,Yes
91,No
92,No
93,No
94,Yes
95,Yes
96,Yes
97,Yes
98,Yes
99,Yes
100,Yes
101,No
102,No
103,No
104,Yes
105,No
106,No
107,Yes
108,Yes
109,Yes
110,Yes
111,Yes
112,Yes
113,Yes
114,Yes
115,Yes
116,Yes
117,Yes
118,Yes
119,No
120,Yes
121,No
122,Yes
123,No
124,Yes
125,Yes
126,No
127,No
128,Yes
129,Yes
130,Yes
131,Yes
132,Yes
133,Yes
134,Yes
135,No
136,Yes
137,No
138,Yes
139,Yes
140,No
141,No
142,Yes
143,Yes
144,No
145,Yes
146,Yes
147,Yes
148,No
149,Yes
150,Yes
151,No
152,Yes
153,Yes
154,Yes
155,Yes
156,Yes
157,Yes
158,No
159,Yes
160,Yes
161,No
162,No
163,No
164,Yes
165,Yes
166,Yes
167,No
168,Yes
169,Yes
170,Yes
171,No
172,No
173,Yes
174,Yes
175,No
176,No
177,Yes
178,No
179,No
180,Yes
181,No
182,Yes
183,No
184,Yes
185,Yes
186,No
187,Yes
188,No
189,Yes
190,Yes
191,Yes
192,Yes
193,Yes
194,No
195,Yes
196,Yes
197,Yes
198,No
199,Yes
200,Yes
201,Yes
202,Yes
203,Yes
204,Yes
205,Yes
206,Yes
207,Yes
208,Yes
209,No
210,No
211,Yes
212,Yes
213,Yes
214,Yes
215,Yes
216,Yes
217,Yes
218,Yes
219,Yes
220,No
221,No
222,No
223,No
224,Yes
225,No
226,No
227,Yes
228,Yes
229,Yes
230,No
231,Yes
232,No
233,No
234,Yes
235,Yes
236,Yes
237,Yes
238,Yes
239,Yes
240,Yes
241,Yes
242,Yes
243,Yes
244,No
245,Yes
246,Yes
247,Yes
248,Yes
249,Yes
250,Yes
251,Yes
252,Yes
253,Yes
254,Yes
255,No
256,Yes
257,Yes
258,No
259,Yes
260,No
261,Yes
262,Yes
263,Yes
264,No
265,Yes
266,Yes
267,Yes
268,Yes
269,No
270,Yes
271,Yes
272,Yes
273,No
274,Yes
275,No
276,Yes
277,Yes
278,Yes
279,No
280,Yes
281,Yes
282,Yes
283,Yes
284,No
285,Yes
286,No
287,Yes
288,Yes
289,No
290,No
291,Yes
292,Yes
293,Yes
294,No
295,No
296,Yes
297,Yes
298,Yes
299,Yes
300,Yes
301,No
302,Yes
303,Yes
304,Yes
305,Yes
306,Yes
307,Yes
308,Yes
309,No
310,Yes
311,No
312,Yes
313,No
314,Yes
315,No
316,No
317,No
318,Yes
319,No
320,No
321,Yes
322,Yes
323,Yes
324,Yes
325,Yes
326,Yes
327,Yes
328,Yes
329,No
330,No
331,No
332,Yes
333,No
334,Yes
335,Yes
336,No
337,No
338,No
339,Yes
340,Yes
341,No
342,No
343,Yes
344,No
345,No
346,Yes
347,Yes
348,No
349,No
350,No
351,Yes
352,No
353,No
354,No
355,Yes
356,No
357,Yes
358,Yes
359,Yes
360,Yes
361,Yes
362,No
363,No
364,Yes
365,Yes
366,Yes
367,Yes
368,Yes
369,Yes
370,Yes
371,Yes
372,Yes
373,No
374,Yes
375,Yes
376,Yes
377,Yes
378,No
379,Yes
380,Yes
381,Yes
382,Yes
383,Yes
384,No
385,No
386,No
387,Yes
388,No
389,No
390,No
391,Yes
392,No
393,No
394,Yes
395,No
396,No
397,No
398,Yes
399,Yes
400,Yes
401,Yes
402,Yes
403,Yes
404,Yes
405,No
406,Yes
407,Yes
408,No
409,Yes
410,Yes
411,No
412,No
413,No
414,Yes
415,Yes
416,No
417,Yes
418,Yes
419,Yes
420,No
421,No
422,Yes
423,No
424,Yes
425,Yes
426,No
427,No
428,No
429,Yes
430,Yes
431,Yes
432,Yes
433,Yes
434,Yes
435,No
436,No
437,Yes
438,No
439,Yes
440,Yes
441,Yes
442,Yes
443,No
444,Yes
445,Yes
446,Yes
447,No
448,No
449,Yes
450,Yes
451,Yes
452,No
453,Yes
454,Yes
455,Yes
456,Yes
457,No
458,Yes
459,Yes
460,Yes
461,Yes
462,No
463,No
464,Yes
465,Yes
466,Yes
467,Yes
468,Yes
469,Yes
470,Yes
471,Yes
472,Yes
473,Yes
474,No
475,No
476,Yes
477,Yes
478,Yes
479,Yes
480,No
481,No
482,Yes
483,Yes
484,Yes
485,Yes
486,Yes
487,Yes
488,No
489,No
490,Yes
491,No
492,Yes
493,No
494,Yes
495,No
496,Yes
497,Yes
498,Yes
499,Yes
500,No
501,No
502,Yes
503,No
504,No
505,Yes
506,No
507,Yes
508,Yes
509,Yes
510,Yes
511,Yes
512,Yes
513,No
514,No
515,Yes
516,No
517,No
518,Yes
519,No
520,Yes
521,No
522,Yes
523,No
524,No
525,Yes
526,No
527,Yes
528,Yes
529,No
530,No
531,No
532,No
533,Yes
534,No
535,Yes
536,No
537,No
538,No
539,Yes
540,Yes
541,Yes
542,No
543,Yes
544,Yes
545,Yes
546,Yes
547,Yes
548,Yes
549,Yes
550,Yes
551,No
552,Yes
553,No
554,Yes
555,Yes
556,Yes
557,Yes
558,Yes
559,Yes
560,Yes
561,No
562,Yes
563,Yes
564,No
565,No
566,No
567,No
568,Yes
569,No
570,No
571,Yes
572,Yes
573,Yes
574,No
575,Yes
576,Yes
577,No
578,Yes
579,Yes
580,Yes
581,Yes
582,Yes
583,Yes
584,Yes
585,Yes
586,No
587,No
588,Yes
589,Yes
590,No
591,No
592,Yes
593,Yes
594,Yes
595,No
596,Yes
597,Yes
598,Yes
599,No
600,Yes
601,Yes
602,Yes
603,Yes
604,No
605,Yes
606,Yes
607,Yes
608,Yes
609,Yes
610,Yes
611,Yes
612,Yes
613,Yes
614,Yes
615,No
616,Yes
617,No
618,No
619,Yes
620,No
621,Yes
622,Yes
623,Yes
624,No
625,Yes
626,Yes
627,Yes
628,Yes
629,Yes
630,Yes
631,No
632,No
633,No
634,Yes
635,Yes
636,Yes
637,No
638,Yes
639,No
640,No
641,Yes
642,Yes
643,No
644,Yes
645,No
646,No
647,Yes
648,No
649,Yes
650,No
651,Yes
652,Yes
653,Yes
654,Yes
655,Yes
656,Yes
657,Yes
658,Yes
659,No
660,No
661,Yes
662,Yes
663,Yes
664,Yes
665,No
666,Yes
667,Yes
668,Yes
669,No
670,No
671,Yes
672,Yes
673,Yes
674,Yes
675,Yes
676,No
677,Yes
678,Yes
679,Yes
680,Yes
681,No
682,No
683,No
684,Yes
685,No
686,No
687,Yes
688,No
689,No
690,No
691,Yes
692,Yes
693,No
694,No
695,Yes
696,Yes
697,Yes
698,No
699,Yes
700,No
701,No
702,Yes
703,No
704,No
705,Yes
706,No
707,Yes
708,No
709,No
710,Yes
711,No
712,Yes
713,No
714,No
715,No
716,No
717,No
718,Yes
719,Yes
720,No
721,Yes
722,Yes
723,Yes
724,Yes
725,Yes
726,No
727,No
728,Yes
729,Yes
730,No
731,No
732,Yes
733,No
734,Yes
735,Yes
736,No
737,Yes
738,Yes
739,No
740,No
741,No
742,Yes
743,No
744,No
745,Yes
746,Yes
747,No
748,Yes
749,Yes
750,Yes
751,Yes
752,No
753,No
754,Yes
755,Yes
756,No
757,Yes
758,No
759,Yes
760,No
761,Yes
762,Yes
763,No
764,No
765,No
766,Yes
767,Yes
768,No
769,Yes
770,Yes
771,No
772,Yes
773,Yes
774,Yes
775,Yes
776,Yes
777,Yes
778,Yes
779,No
780,Yes
781,Yes
782,Yes
783,Yes
784,Yes
785,Yes
786,No
787,No
788,No
789,No
790,Yes
791,No
792,Yes
793,No
794,Yes
795,Yes
796,No
797,Yes
798,Yes
799,No
800,Yes
801,Yes
802,No
803,No
804,No
805,Yes
806,No
807,Yes
808,Yes
809,Yes
810,Yes
811,Yes
812,No
813,No
814,Yes
815,Yes
816,No
817,No
818,No
819,Yes
820,No
821,Yes
822,No
823,No
824,No
825,Yes
826,Yes
827,Yes
828,Yes
829,Yes
830,No
831,Yes
832,No
833,Yes
834,Yes
835,Yes
836,No
837,Yes
838,Yes
839,Yes
840,No
841,Yes
842,No
843,No
844,Yes
845,Yes
846,Yes
847,Yes
848,Yes
849,No
850,No
851,No
852,Yes
853,No
854,Yes
855,Yes
856,Yes
857,Yes
858,Yes
859,Yes
860,No
861,No
862,Yes
863,Yes
864,Yes
865,Yes
866,Yes
867,Yes
868,No
869,Yes
870,Yes
871,Yes
872,No
873,Yes
874,Yes
875,Yes
876,Yes
877,Yes
878,Yes
879,No
880,No
881,Yes
882,Yes
883,No
884,No
885,Yes
886,Yes
887,No
888,Yes
889,Yes
890,No
891,No
892,Yes
893,No
894,Yes
895,Yes
896,Yes
897,Yes
898,No
899,Yes
900,Yes
901,Yes
902,Yes
903,Yes
904,No
905,Yes
906,Yes
907,No
908,No
909,Yes
910,Yes
911,No
912,No
913,No
914,Yes
915,Yes
916,Yes
917,Yes
918,No
919,No
920,Yes
921,No
922,Yes
923,Yes
924,Yes
925,Yes
926,Yes
927,No
928,Yes
929,Yes
930,No
931,No
932,No
933,Yes
934,Yes
935,No
936,Yes
937,Yes
938,Yes
939,No
940,Yes
941,No
942,Yes
943,No
944,No
945,Yes
946,Yes
947,Yes
948,Yes
949,Yes
950,Yes
951,Yes
952,No
953,No
954,No
955,No
956,No
957,Yes
958,No
959,Yes
960,No
961,No
962,No
963,Yes
964,No
965,Yes
966,Yes
967,Yes
968,Yes
969,Yes
970,No
971,Yes
972,No
973,No
974,No
975,Yes
976,Yes
977,Yes
978,No
979,Yes
980,No
981,Yes
982,No
983,Yes
984,Yes
985,Yes
986,No
987,Yes
988,Yes
989,No
990,Yes
991,No
992,Yes
993,Yes
994,Yes
995,No
996,Yes
997,Yes
998,No
999,Yes
1000,Yes
1001,No
1002,No
1003,No
1004,No
1005,No
1006,Yes
1007,Yes
1008,Yes
1009,No
1010,Yes
1011,Yes
1012,No
1013,Yes
1014,Yes
1015,Yes
1016,Yes
1017,Yes
1018,Yes
1019,Yes
1020,No
1021,No
1022,Yes
1023,No
1024,No
1025,Yes
1026,Yes
1027,Yes
1028,Yes
1029,Yes
1030,No
1031,Yes
1032,No
1033,Yes
1034,Yes
1035,No
1036,Yes
1037,Yes
1038,Yes
1039,Yes
1040,Yes
1041,No
1042,No
1043,Yes
1044,Yes
1045,No
1046,Yes
1047,No
1048,No
1049,No
1050,Yes
1051,Yes
1052,Yes
1053,Yes
1054,Yes
1055,Yes
1056,Yes
1057,Yes
1058,No
1059,No
1060,Yes
1061,Yes
1062,Yes
1063,Yes
1064,Yes
1065,Yes
1066,No
1067,Yes
1068,Yes
1069,Yes
1070,No
1071,Yes
1072,No
1073,Yes
1074,No
1075,Yes
1076,No
1077,Yes
1078,Yes
1079,Yes
1080,No
1081,No
1082,Yes
1083,No
1084,Yes
1085,No
1086,No
1087,Yes
1088,Yes
1089,Yes
1090,Yes
1091,Yes
1092,Yes
1093,Yes
1094,Yes
1095,Yes
1096,Yes
1097,Yes
1098,No
1099,Yes
1100,Yes
1101,Yes
1102,Yes
1103,Yes
1104,Yes
1105,Yes
1106,No
1107,No
1108,Yes
1109,No
1110,Yes
1111,No
1112,Yes
1113,Yes
1114,Yes
1115,Yes
1116,Yes
1117,No
1118,No
1119,No
1120,No
1121,Yes
1122,Yes
1123,Yes
1124,Yes
1125,Yes
1126,Yes
1127,No
1128,No
1129,Yes
1130,No
1131,No
1132,No
1133,No
1134,Yes
1135,No
1136,No
1137,Yes
1138,No
1139,Yes
1140,No
1141,No
1142,Yes
1143,Yes
1144,Yes
1145,Yes
1146,Yes
1147,Yes
1148,Yes
1149,Yes
1150,Yes
1151,Yes
1152,Yes
1153,Yes
1154,Yes
1155,No
1156,Yes
1157,Yes
1158,Yes
1159,Yes
1160,Yes
1161,Yes
1162,No
1163,Yes
1164,Yes
1165,Yes
1166,No
1167,Yes
1168,No
1169,Yes
1170,Yes
1171,Yes
1172,Yes
1173,No
1174,No
1175,No
1176,No
1177,No
1178,Yes
1179,No
1180,Yes
1181,No
1182,Yes
1183,No
1184,Yes
1185,Yes
1186,Yes
1187,Yes
1188,Yes
1189,Yes
1190,No
1191,Yes
1192,Yes
1193,Yes
1194,No
1195,No
1196,No
1197,Yes
1198,Yes
1199,Yes
1200,Yes
1201,Yes
1202,Yes
1203,Yes
1204,No
1205,Yes
1206,Yes
1207,Yes
1208,No
1209,Yes
1210,No
1211,No
1212,No
1213,No
1214,No
1215,Yes
1216,Yes
1217,No
1218,No
1219,Yes
1220,Yes
1221,No
1222,Yes
1223,Yes
1224,Yes
1225,No
1226,No
1227,Yes
1228,No
1229,Yes
1230,No
1231,Yes
1232,Yes
1233,Yes
1234,Yes
1235,Yes
1236,Yes
1237,No
1238,Yes
1239,No
1240,No
1241,Yes
1242,No
1243,No
1244,No
1245,No
1246,Yes
1247,Yes
1248,Yes
1249,Yes
1250,Yes
1251,Yes
1252,No
1253,Yes
1254,Yes
1255,Yes
1256,Yes
1257,No
1258,Yes
1259,No
1260,Yes
1261,Yes
1262,Yes
1263,Yes
1264,No
1265,Yes
1266,No
1267,Yes
1268,Yes
1269,Yes
1270,Yes
1271,No
1272,Yes
1273,No
1274,No
1275,No
1276,Yes
1277,No
1278,Yes
1279,No
1280,No
1281,Yes
1282,Yes
1283,Yes
1284,Yes
1285,Yes
1286,No
1287,Yes
1288,Yes
1289,Yes
1290,Yes
1291,Yes
1292,Yes
1293,Yes
1294,Yes
1295,Yes
1296,Yes
1297,Yes
1298,Yes
1299,No
1300,Yes
1301,No
1302,Yes
1303,Yes
1304,No
1305,No
1306,No
1307,Yes
1308,Yes
1309,Yes
1310,No
1311,No
1312,Yes
1313,Yes
1314,Yes
1315,Yes
1316,Yes
1317,Yes
1318,Yes
1319,Yes
1320,Yes
1321,Yes
1322,Yes
1323,Yes
1324,Yes
1325,No
1326,No
1327,Yes
1328,Yes
1329,No
1330,Yes
1331,Yes
1332,Yes
1333,Yes
1334,No
1335,Yes
1336,Yes
1337,No
1338,No
1339,Yes
1340,Yes
1341,Yes
1342,Yes
1343,Yes
1344,Yes
1345,No
1346,Yes
1347,No
1348,Yes
1349,Yes
1350,No
1351,No
1352,No
1353,Yes
1354,No
1355,Yes
1356,Yes
1357,No
1358,No
1359,Yes
1360,No
1361,Yes
1362,Yes
1363,Yes
1364,Yes
1365,No
1366,Yes
1367,Yes
1368,Yes
1369,Yes
1370,Yes
1371,Yes
1372,No
1373,Yes
1374,Yes
1375,No
1376,Yes
1377,No
1378,Yes
1379,Yes
1380,No
1381,Yes
1382,No
1383,Yes
1384,Yes
1385,No
1386,No
1387,No
1388,Yes
1389,Yes
1390,Yes
1391,Yes
1392,Yes
1393,Yes
1394,Yes
1395,No
1396,No
1397,Yes
1398,Yes
1399,Yes
1400,Yes
1401,Yes
1402,Yes
1403,Yes
1404,No
1405,Yes
1406,Yes
1407,No
1408,No
1409,Yes
1410,Yes
1411,No
1412,Yes
1413,No
1414,Yes
1415,Yes
1416,Yes
1417,No
1418,Yes
1419,No
1420,Yes
1421,Yes
1422,Yes
1423,Yes
1424,No
1425,No
1426,Yes
1427,Yes
1428,Yes
1429,No
1430,No
1431,Yes
1432,Yes
1433,No
1434,Yes
1435,Yes
1436,Yes
1437,Yes
1438,No
1439,Yes
1440,No
1441,Yes
1442,Yes
1443,No
1444,Yes
1445,No
1446,No
1447,Yes
1448,No
1449,No
1450,No
1451,No
1452,No
1453,No
1454,Yes
1455,Yes
1456,No
1457,Yes
1458,No
1459,No
1460,Yes
1461,Yes
1462,Yes
1463,No
1464,Yes
1465,No
1466,No
1467,No
1468,Yes
1469,Yes
1470,No
1471,No
1472,Yes
1473,No
1474,No
1475,No
1476,Yes
1477,Yes
1478,Yes
1479,No
1480,No
1481,No
1482,No
1483,No
1484,Yes
1485,Yes
1486,No
1487,Yes
1488,No
1489,Yes
1490,Yes
1491,Yes
1492,No
1493,Yes
1494,No
1495,Yes
1496,Yes
1497,No
1498,No
1499,Yes
1500,No
1501,No
1502,No
1503,Yes
1504,Yes
1505,No
1506,Yes
1507,Yes
1508,Yes
1509,Yes
1510,Yes
1511,No
1512,Yes
1513,No
1514,Yes
1515,No
1516,Yes
1517,Yes
1518,No
1519,Yes
1520,Yes
1521,No
1522,No
1523,Yes
1524,No
1525,Yes
1526,Yes
1527,Yes
1528,Yes
1529,Yes
1530,Yes
1531,Yes
1532,No
1533,Yes
1534,Yes
1535,No
1536,Yes
1537,Yes
1538,Yes
1539,Yes
1540,Yes
1541,Yes
1542,Yes
1543,No
1544,Yes
1545,No
1546,Yes
1547,No
1548,No
1549,Yes
1550,Yes
1551,Yes
1552,Yes
1553,No
1554,Yes
1555,Yes
1556,Yes
1557,Yes
1558,Yes
1559,No
1560,Yes
1561,No
1562,No
1563,No
1564,Yes
1565,No
1566,Yes
1567,Yes
1568,Yes
1569,Yes
1570,Yes
1571,No
1572,No
1573,Yes
1574,Yes
1575,Yes
1576,Yes
1577,Yes
1578,Yes
1579,No
1580,No
1581,No
1582,No
1583,Yes
1584,No
1585,Yes
1586,No
1587,Yes
1588,Yes
1589,Yes
1590,Yes
1591,No
1592,Yes
1593,Yes
1594,No
1595,No
1596,Yes
1597,Yes
1598,Yes
1599,Yes
1600,Yes
1601,Yes
1602,Yes
1603,No
1604,Yes
1605,Yes
1606,Yes
1607,No
1608,Yes
1609,No
1610,No
1611,No
1612,Yes
1613,Yes
1614,No
1615,Yes
1616,No
1617,Yes
1618,Yes
1619,Yes
1620,Yes
1621,No
1622,Yes
1623,No
1624,No
1625,Yes
1626,No
1627,Yes
1628,No
1629,Yes
1630,No
1631,Yes
1632,Yes
1633,Yes
1634,Yes
1635,No
1636,No
1637,Yes
1638,Yes
1639,Yes
1640,No
1641,No
1642,Yes
1643,No
1644,Yes
1645,Yes
1646,Yes
1647,Yes
1648,No
1649,Yes
1650,No
1651,No
1652,No
1653,Yes
1654,No
1655,Yes
1656,No
1657,No
1658,No
1659,Yes
1660,Yes
1661,No
1662,Yes
1663,Yes
1664,Yes
1665,No
1666,Yes
1667,No
1668,No
1669,Yes
1670,No
1671,No
1672,Yes
1673,No
1674,Yes
1675,Yes
1676,Yes
1677,Yes
1678,No
1679,Yes
1680,Yes
1681,Yes
1682,No
1683,Yes
1684,No
1685,No
1686,No
1687,Yes
1688,No
1689,Yes
1690,No
1691,No
1692,Yes
1693,Yes
1694,No
1695,Yes
1696,No
1697,Yes
1698,No
1699,Yes
1700,No
1701,Yes
1702,Yes
1703,Yes
1704,No
1705,Yes
1706,Yes
1707,Yes
1708,Yes
1709,No
1710,No
1711,No
1712,Yes
1713,No
1714,No
1715,Yes
1716,No
1717,Yes
1718,Yes
1719,Yes
1720,No
1721,No
1722,Yes
1723,No
1724,Yes
1725,No
1726,No
1727,Yes
1728,Yes
1729,Yes
1730,Yes
1731,No
1732,No
1733,Yes
1734,Yes
1735,Yes
1736,No
1737,Yes
1738,Yes
1739,Yes
1740,No
1741,Yes
1742,No
1743,Yes
1744,No
1745,Yes
1746,No
1747,Yes
1748,Yes
1749,Yes
1750,No
1751,Yes
1752,No
1753,No
1754,Yes
1755,Yes
1756,No
1757,Yes
1758,Yes
1759,Yes
1760,Yes
1761,Yes
1762,Yes
1763,No
1764,Yes
1765,No
1766,Yes
1767,No
1768,Yes
1769,Yes
1770,Yes
1771,Yes
1772,Yes
1773,No
1774,Yes
1775,Yes
1776,Yes
1777,No
1778,Yes
1779,Yes
1780,Yes
1781,No
1782,Yes
1783,Yes
1784,No
1785,No
1786,Yes
1787,Yes
1788,Yes
1789,Yes
1790,Yes
1791,Yes
1792,No
1793,Yes
1794,No
1795,No
1796,Yes
1797,No
1798,Yes
1799,Yes
1800,Yes
1801,Yes
1802,No
1803,No
1804,Yes
1805,Yes
1806,Yes
1807,Yes
1808,No
1809,Yes
1810,Yes
1811,Yes
1812,No
1813,No
1814,Yes
1815,Yes
1816,Yes
1817,Yes
1818,No
1819,Yes
1820,Yes
1821,No
1822,No
1823,Yes
1824,No
1825,Yes
1826,No
1827,Yes
1828,Yes
1829,Yes
1830,Yes
1831,Yes
1832,No
1833,Yes
1834,Yes
1835,No
1836,No
1837,Yes
1838,Yes
1839,Yes
1840,Yes
1841,Yes
1842,No
1843,Yes
1844,Yes
1845,Yes
1846,Yes
1847,Yes
1848,Yes
1849,No
1850,No
1851,Yes
1852,Yes
1853,No
1854,Yes
1855,Yes
1856,Yes
1857,No
1858,No
1859,No
1860,No
1861,Yes
1862,Yes
1863,Yes
1864,Yes
1865,Yes
1866,Yes
1867,Yes
1868,Yes
1869,Yes
1870,Yes
1871,Yes
1872,Yes
1873,Yes
1874,Yes
1875,No
1876,Yes
1877,No
1878,Yes
1879,No
1880,No
1881,No
1882,Yes
1883,Yes
1884,No
1885,Yes
1886,No
1887,Yes
1888,Yes
1889,Yes
1890,Yes
1891,Yes
1892,Yes
1893,No
1894,No
1895,No
1896,Yes
1897,Yes
1898,Yes
1899,Yes
1900,Yes
1901,Yes
1902,No
1903,No
1904,Yes
1905,Yes
1906,Yes
1907,Yes
1908,Yes
1909,Yes
1910,Yes
1911,No
1912,No
1913,Yes
1914,Yes
1915,No
1916,Yes
1917,Yes
1918,Yes
1919,No
1920,Yes
1921,No
1922,No
1923,Yes
1924,Yes
1925,Yes
1926,Yes
1927,Yes
1928,No
1929,Yes
1930,Yes
1931,Yes
1932,Yes
1933,Yes
1934,Yes
1935,Yes
1936,Yes
1937,Yes
1938,Yes
1939,No
1940,Yes
1941,Yes
1942,No
1943,Yes
1944,Yes
1945,No
1946,No
1947,Yes
1948,No
1949,Yes
1950,No
1951,Yes
1952,Yes
1953,No
1954,Yes
1955,Yes
1956,Yes
1957,Yes
1958,No
1959,No
1960,No
1961,No
1962,No
1963,Yes
1964,Yes
1965,No
1966,Yes
1967,Yes
1968,Yes
1969,Yes
1970,Yes
1971,Yes
1972,Yes
1973,Yes
1974,Yes
1975,Yes
1976,Yes
1977,No
1978,No
1979,No
1980,Yes
1981,Yes
1982,Yes
1983,No
1984,Yes
1985,Yes
1986,No
1987,Yes
1988,No
1989,Yes
1990,Yes
1991,No
1992,Yes
1993,Yes
1994,No
1995,Yes
1996,Yes
1997,No
1998,Yes
1999,No
2000,Yes
2001,Yes
2002,No
2003,No
2004,Yes
2005,Yes
2006,No
2007,Yes
2008,Yes
2009,Yes
2010,Yes
2011,No
2012,Yes
2013,No
2014,Yes
2015,Yes
2016,Yes
2017,Yes
2018,No
2019,Yes
2020,No
2021,No
2022,Yes
2023,Yes
2024,Yes
2025,No
2026,No
2027,Yes
2028,No
2029,Yes
2030,No
2031,No
2032,Yes
2033,Yes
2034,No
2035,No
2036,Yes
2037,Yes
2038,No
2039,Yes
2040,Yes
2041,Yes
2042,Yes
2043,Yes
2044,No
2045,Yes
2046,No
2047,Yes
2048,Yes
2049,Yes
2050,Yes
2051,No
2052,Yes
2053,Yes
2054,No
2055,No
2056,No
2057,Yes
2058,No
2059,Yes
2060,Yes
2061,No
2062,No
2063,Yes
2064,Yes
2065,Yes
2066,Yes
2067,Yes
2068,Yes
2069,Yes
2070,No
2071,Yes
2072,Yes
2073,No
2074,Yes
2075,Yes
2076,Yes
2077,Yes
2078,No
2079,Yes
2080,Yes
2081,Yes
2082,No
2083,Yes
2084,No
2085,No
2086,Yes
2087,No
2088,Yes
2089,No
2090,No
2091,Yes
2092,Yes
2093,Yes
2094,Yes
2095,Yes
2096,Yes
2097,Yes
2098,No
2099,No
2100,No
2101,No
2102,Yes
2103,Yes
2104,Yes
2105,Yes
2106,No
2107,Yes
2108,No
2109,Yes
2110,No
2111,Yes
2112,Yes
2113,Yes
2114,Yes
2115,Yes
2116,No
2117,No
2118,Yes
2119,No
2120,No
2121,Yes
2122,No
2123,Yes
2124,Yes
2125,Yes
2126,Yes
2127,Yes
2128,Yes
2129,No
2130,No
2131,Yes
2132,Yes
2133,Yes
2134,Yes
2135,Yes
2136,No
2137,No
2138,No
2139,Yes
2140,No
2141,Yes
2142,No
2143,Yes
2144,No
2145,Yes
2146,No
2147,Yes
2148,No
2149,Yes
2150,Yes
2151,Yes
2152,Yes
2153,Yes
2154,Yes
2155,Yes
2156,Yes
2157,Yes
2158,No
2159,Yes
2160,Yes
2161,Yes
2162,Yes
2163,No
2164,No
2165,No
2166,Yes
2167,Yes
2168,Yes
2169,Yes
2170,No
2171,Yes
2172,Yes
2173,Yes
2174,Yes
2175,Yes
2176,Yes
2177,Yes
2178,No
2179,Yes
2180,Yes
2181,Yes
2182,No
2183,Yes
2184,Yes
2185,Yes
2186,Yes
2187,No
2188,Yes
2189,No
2190,Yes
2191,Yes
2192,No
2193,Yes
2194,Yes
2195,Yes
2196,Yes
2197,Yes
2198,No
2199,No
2200,Yes
2201,Yes
2202,No
2203,No
2204,Yes
2205,No
2206,No
2207,Yes
2208,Yes
2209,Yes
2210,Yes
2211,Yes
2212,Yes
2213,Yes
2214,No
2215,Yes
2216,Yes
2217,Yes
2218,No
2219,No
2220,Yes
2221,Yes
2222,No
2223,Yes
2224,Yes
2225,No
2226,Yes
2227,Yes
2228,No
2229,Yes
2230,No
2231,No
2232,No
2233,No
2234,Yes
2235,Yes
2236,Yes
2237,Yes
2238,No
2239,Yes
2240,No
2241,Yes
2242,No
2243,Yes
2244,Yes
2245,Yes
2246,Yes
2247,No
2248,Yes
2249,No
2250,No
2251,Yes
2252,Yes
2253,Yes
2254,Yes
2255,No
2256,No
2257,Yes
2258,Yes
2259,Yes
2260,Yes
2261,Yes
2262,Yes
2263,Yes
2264,No
2265,Yes
2266,Yes
2267,No
2268,Yes
2269,Yes
2270,Yes
2271,No
2272,Yes
2273,No
2274,No
2275,Yes
2276,Yes
2277,Yes
2278,No
2279,Yes
2280,Yes
2281,No
2282,Yes
2283,No
2284,No
2285,Yes
2286,Yes
2287,Yes
2288,No
2289,No
2290,Yes
2291,Yes
2292,No
2293,Yes
2294,Yes
2295,Yes
2296,Yes
2297,No
2298,Yes
2299,Yes
2300,Yes
2301,Yes
2302,Yes
2303,Yes
2304,Yes
2305,Yes
2306,Yes
2307,Yes
2308,Yes
2309,No
2310,Yes
2311,Yes
2312,Yes
2313,No
2314,No
2315,Yes
2316,Yes
2317,No
2318,Yes
2319,No
2320,No
2321,Yes
2322,Yes
2323,Yes
2324,No
2325,No
2326,Yes
2327,Yes
2328,No
2329,Yes
2330,Yes
2331,Yes
2332,Yes
2333,Yes
2334,Yes
2335,Yes
2336,No
2337,No
2338,Yes
2339,Yes
2340,No
2341,No
2342,Yes
2343,No
2344,No
2345,No
2346,Yes
2347,Yes
2348,Yes
2349,No
2350,Yes
2351,Yes
2352,Yes
2353,No
2354,Yes
2355,No
2356,Yes
2357,Yes
2358,Yes
2359,No
2360,Yes
2361,Yes
2362,Yes
2363,Yes
2364,Yes
2365,Yes
2366,Yes
2367,Yes
2368,Yes
2369,Yes
2370,Yes
2371,No
2372,No
2373,Yes
2374,No
2375,Yes
2376,Yes
2377,Yes
2378,Yes
2379,Yes
2380,Yes
2381,Yes
2382,No
2383,Yes
2384,Yes
2385,Yes
2386,Yes
2387,Yes
2388,No
2389,Yes
2390,Yes
2391,Yes
2392,Yes
2393,Yes
2394,No
2395,No
2396,Yes
2397,No
2398,Yes
2399,Yes
2400,Yes
2401,Yes
2402,Yes
2403,No
2404,Yes
2405,Yes
2406,Yes
2407,Yes
2408,No
2409,No
2410,No
2411,Yes
2412,Yes
2413,No
2414,No
2415,Yes
2416,Yes
2417,Yes
2418,Yes
2419,Yes
2420,Yes
2421,Yes
2422,Yes
2423,Yes
2424,No
2425,Yes
2426,Yes
2427,Yes
2428,Yes
2429,Yes
2430,Yes
2431,Yes
2432,Yes
2433,Yes
2434,Yes
2435,Yes
2436,Yes
2437,No
2438,Yes
2439,No
2440,Yes
2441,Yes
2442,No
2443,Yes
2444,Yes
2445,No
2446,Yes
2447,No
2448,Yes
2449,Yes
2450,Yes
2451,No
2452,Yes
2453,No
2454,Yes
2455,Yes
2456,Yes
2457,Yes
2458,Yes
2459,Yes
2460,Yes
2461,Yes
2462,Yes
2463,No
2464,No
2465,No
2466,No
2467,Yes
2468,Yes
2469,No
2470,Yes
2471,No
2472,Yes
2473,No
2474,Yes
2475,No
2476,Yes
2477,Yes
2478,No
2479,Yes
2480,Yes
2481,Yes
2482,Yes
2483,Yes
2484,No
2485,Yes
2486,Yes
2487,No
2488,Yes
2489,Yes
2490,No
2491,Yes
2492,Yes
2493,Yes
2494,Yes
2495,Yes
2496,No
2497,No
2498,Yes
2499,Yes
2500,No
2501,Yes
2502,No
2503,Yes
2504,Yes
2505,Yes
2506,Yes
2507,No
2508,Yes
2509,Yes
2510,No
2511,Yes
2512,Yes
2513,No
2514,Yes
2515,Yes
2516,No
2517,No
2518,Yes
2519,Yes
2520,No
2521,Yes
2522,Yes
2523,Yes
2524,No
2525,Yes
2526,Yes
2527,Yes
2528,Yes
2529,No
2530,No
2531,Yes
2532,Yes
2533,No
2534,Yes
2535,Yes
2536,No
2537,No
2538,Yes
2539,Yes
2540,No
2541,No
2542,Yes
2543,No
2544,Yes
2545,Yes
2546,Yes
2547,No
2548,Yes
2549,No
2550,Yes
2551,No
2552,Yes
2553,No
2554,Yes
2555,Yes
2556,No
2557,Yes
2558,No
2559,No
2560,Yes
2561,Yes
2562,No
2563,No
2564,No
2565,No
2566,Yes
2567,Yes
2568,Yes
2569,Yes
2570,Yes
2571,Yes
2572,Yes
2573,No
2574,Yes
2575,Yes
2576,Yes
2577,Yes
2578,Yes
2579,No
2580,Yes
2581,Yes
2582,No
2583,Yes
2584,No
2585,No
2586,Yes
2587,No
2588,No
2589,Yes
2590,Yes
2591,No
2592,Yes
2593,No
2594,Yes
2595,No
2596,Yes
2597,Yes
2598,Yes
2599,Yes
2600,Yes
2601,No
2602,No
2603,Yes
2604,Yes
2605,Yes
2606,Yes
2607,Yes
2608,No
2609,Yes
2610,No
2611,Yes
2612,Yes
2613,Yes
2614,No
2615,Yes
2616,No
2617,Yes
2618,Yes
2619,Yes
2620,No
2621,Yes
2622,Yes
2623,No
2624,Yes
2625,Yes
2626,Yes
2627,No
2628,No
2629,Yes
2630,No
2631,Yes
2632,No
2633,Yes
2634,No
2635,No
2636,Yes
2637,No
2638,Yes
2639,Yes
2640,Yes
2641,Yes
2642,No
2643,Yes
2644,Yes
2645,Yes
2646,Yes
2647,No
2648,Yes
2649,Yes
2650,Yes
2651,No
2652,No
2653,Yes
2654,Yes
2655,Yes
2656,No
2657,Yes
2658,No
2659,No
2660,No
2661,Yes
2662,Yes
2663,Yes
2664,Yes
2665,No
2666,Yes
2667,Yes
2668,No
2669,No
2670,No
2671,Yes
2672,Yes
2673,Yes
2674,Yes
2675,Yes
2676,Yes
2677,No
2678,Yes
2679,No
2680,Yes
2681,Yes
2682,Yes
2683,Yes
2684,No
2685,Yes
2686,No
2687,No
2688,Yes
2689,No
2690,Yes
2691,No
2692,No
2693,No
2694,Yes
2695,Yes
2696,Yes
2697,No
2698,Yes
2699,Yes
2700,Yes
2701,No
2702,Yes
2703,Yes
2704,Yes
2705,Yes
2706,Yes
2707,Yes
2708,Yes
2709,Yes
2710,No
2711,No
2712,Yes
2713,Yes
2714,Yes
2715,No
2716,No
2717,No
2718,Yes
2719,Yes
2720,Yes
2721,Yes
2722,No
2723,No
2724,Yes
2725,No
2726,Yes
2727,Yes
2728,No
2729,Yes
2730,Yes
2731,No
2732,Yes
2733,Yes
2734,Yes
2735,Yes
2736,Yes
2737,Yes
2738,No
2739,Yes
2740,No
2741,Yes
2742,Yes
2743,No
2744,Yes
2745,No
2746,Yes
2747,No
2748,Yes
2749,Yes
2750,Yes
2751,Yes
2752,Yes
2753,No
2754,Yes
2755,Yes
2756,No
2757,Yes
2758,Yes
2759,Yes
2760,No
2761,Yes
2762,Yes
2763,No
2764,No
2765,Yes
2766,Yes
2767,No
2768,No
2769,Yes
2770,Yes
2771,No
2772,Yes
2773,Yes
2774,Yes
2775,No
2776,Yes
2777,Yes
2778,Yes
2779,No
2780,Yes
2781,No
2782,Yes
2783,Yes
2784,Yes
2785,No
2786,No
2787,Yes
2788,No
2789,No
2790,Yes
2791,No
2792,Yes
2793,Yes
2794,Yes
2795,No
2796,No
2797,Yes
2798,Yes
2799,Yes
2800,No
2801,Yes
2802,Yes
2803,Yes
2804,Yes
2805,Yes
2806,Yes
2807,Yes
2808,Yes
2809,Yes
2810,Yes
2811,No
2812,Yes
2813,Yes
2814,No
2815,Yes
2816,No
2817,Yes
2818,Yes
2819,No
2820,Yes
2821,Yes
2822,Yes
2823,Yes
2824,Yes
2825,Yes
2826,Yes
2827,Yes
2828,Yes
2829,Yes
2830,Yes
2831,No
2832,Yes
2833,No
2834,No
2835,No
2836,Yes
2837,No
2838,Yes
2839,No
2840,Yes
2841,No
2842,Yes
2843,Yes
2844,Yes
2845,No
2846,No
2847,Yes
2848,Yes
2849,Yes
2850,No
2851,Yes
2852,Yes
2853,Yes
2854,Yes
2855,Yes
2856,Yes
2857,No
2858,Yes
2859,No
2860,No
2861,Yes
2862,Yes
2863,No
2864,Yes
2865,Yes
2866,No
2867,Yes
2868,No
2869,Yes
2870,Yes
2871,No
2872,Yes
2873,Yes
2874,No
2875,No
2876,Yes
2877,No
2878,Yes
2879,Yes
2880,No
2881,Yes
2882,Yes
2883,Yes
2884,No
2885,Yes
2886,No
2887,No
2888,No
2889,Yes
2890,Yes
2891,No
2892,Yes
2893,Yes
2894,No
2895,No
2896,Yes
2897,No
2898,Yes
2899,Yes
2900,No
2901,Yes
2902,No
2903,No
2904,Yes
2905,Yes
2906,No
2907,Yes
2908,No
2909,Yes
2910,No
2911,Yes
2912,Yes
2913,No
2914,Yes
2915,No
2916,Yes
2917,Yes
2918,No
2919,Yes
2920,Yes
2921,Yes
2922,Yes
2923,Yes
2924,Yes
2925,Yes
2926,No
2927,No
2928,Yes
2929,Yes
2930,Yes
2931,Yes
2932,No
2933,No
2934,No
2935,Yes
2936,Yes
2937,Yes
2938,Yes
2939,Yes
2940,No
2941,Yes
2942,Yes
2943,Yes
2944,No
2945,Yes
2946,Yes
2947,No
2948,Yes
2949,No
2950,Yes
2951,Yes
2952,Yes
2953,Yes
2954,No
2955,Yes
2956,Yes
2957,Yes
2958,No
2959,No
2960,Yes
2961,No
2962,Yes
2963,Yes
2964,Yes
2965,Yes
2966,Yes
2967,Yes
2968,Yes
2969,Yes
2970,Yes
2971,No
2972,No
2973,Yes
2974,No
2975,No
2976,No
2977,Yes
2978,No
2979,Yes
2980,Yes
2981,Yes
2982,Yes
2983,No
2984,Yes
2985,No
2986,Yes
2987,Yes
2988,Yes
2989,Yes
2990,Yes
2991,Yes
2992,Yes
2993,Yes
2994,Yes
2995,No
2996,No
2997,Yes
2998,Yes
2999,No
3000,No
3001,Yes
3002,Yes
3003,Yes
3004,No
3005,Yes
3006,Yes
3007,Yes
3008,Yes
3009,No
3010,Yes
3011,Yes
3012,Yes
3013,No
3014,Yes
3015,Yes
3016,Yes
3017,No
3018,No
3019,No
3020,No
3021,No
3022,Yes
3023,Yes
3024,Yes
3025,No
3026,Yes
3027,No
3028,Yes
3029,Yes
3030,Yes
3031,No
3032,No
3033,Yes
3034,Yes
3035,Yes
3036,Yes
3037,Yes
3038,Yes
3039,Yes
3040,No
3041,Yes
3042,Yes
3043,No
3044,Yes
3045,Yes
3046,Yes
3047,No
3048,Yes
3049,No
3050,Yes
3051,No
3052,Yes
3053,Yes
3054,Yes
3055,Yes
3056,No
3057,Yes
3058,No
3059,Yes
3060,Yes
3061,Yes
3062,Yes
3063,Yes
3064,Yes
3065,Yes
3066,Yes
3067,Yes
3068,No
3069,Yes
3070,Yes
3071,Yes
3072,Yes
3073,Yes
3074,Yes
3075,No
3076,Yes
3077,No
3078,Yes
3079,Yes
3080,Yes
3081,No
3082,No
3083,Yes
3084,No
3085,Yes
3086,No
3087,Yes
3088,No
3089,Yes
3090,Yes
3091,Yes
3092,Yes
3093,Yes
3094,Yes
3095,Yes
3096,Yes
3097,Yes
3098,Yes
3099,Yes
3100,Yes
3101,Yes
3102,Yes
3103,No
3104,Yes
3105,No
3106,No
3107,No
3108,Yes
3109,Yes
3110,Yes
3111,No
3112,Yes
3113,Yes
3114,No
3115,No
3116,Yes
3117,No
3118,No
3119,Yes
3120,Yes
3121,No
3122,Yes
3123,Yes
3124,Yes
3125,No
3126,No
3127,Yes
3128,Yes
3129,Yes
3130,Yes
3131,Yes
3132,Yes
3133,Yes
3134,No
3135,No
3136,No
3137,No
3138,No
3139,Yes
3140,Yes
3141,Yes
3142,No
3143,Yes
3144,No
3145,Yes
3146,Yes
3147,No
3148,Yes
3149,Yes
3150,No
3151,No
3152,No
3153,Yes
3154,No
3155,Yes
3156,Yes
3157,Yes
3158,No
3159,No
3160,Yes
3161,Yes
3162,Yes
3163,No
3164,No
3165,Yes
3166,No
3167,Yes
3168,Yes
3169,Yes
3170,No
3171,Yes
3172,Yes
3173,Yes
3174,No
3175,Yes
3176,Yes
3177,Yes
3178,Yes
3179,Yes
3180,No
3181,Yes
3182,Yes
3183,No
3184,Yes
3185,No
3186,Yes
3187,Yes
3188,No
3189,Yes
3190,No
3191,No
3192,Yes
3193,Yes
3194,Yes
3195,No
3196,Yes
3197,Yes
3198,No
3199,Yes
3200,Yes
3201,No
3202,Yes
3203,Yes
3204,Yes
3205,Yes
3206,Yes
3207,Yes
3208,No
3209,No
3210,No
3211,Yes
3212,Yes
3213,Yes
3214,Yes
3215,Yes
3216,Yes
3217,Yes
3218,Yes
3219,Yes
3220,No
3221,No
3222,No
3223,Yes
3224,Yes
3225,No
3226,Yes
3227,No
3228,Yes
3229,No
3230,Yes
3231,Yes
3232,Yes
3233,No
3234,No
3235,Yes
3236,No
3237,No
3238,Yes
3239,Yes
3240,Yes
3241,No
3242,No
3243,Yes
3244,Yes
3245,Yes
3246,Yes
3247,Yes
3248,Yes
3249,No
3250,No
3251,Yes
3252,Yes
3253,Yes
3254,No
3255,Yes
3256,Yes
3257,Yes
3258,Yes
3259,No
3260,No
3261,Yes
3262,Yes
3263,Yes
3264,Yes
3265,Yes
3266,Yes
3267,Yes
3268,Yes
3269,No
3270,No
3271,No
3272,Yes
3273,Yes
3274,Yes
3275,No
3276,No
3277,Yes
3278,Yes
3279,No
3280,Yes
3281,No
3282,No
3283,Yes
3284,Yes
3285,Yes
3286,Yes
3287,No
3288,No
3289,Yes
3290,No
3291,No
3292,No
3293,Yes
3294,Yes
3295,No
3296,No
3297,Yes
3298,Yes
3299,No
3300,No
3301,Yes
3302,No
3303,No
3304,Yes
3305,No
3306,No
3307,Yes
3308,No
3309,Yes
3310,No
3311,Yes
3312,Yes
3313,No
3314,Yes
3315,Yes
3316,No
3317,Yes
3318,Yes
3319,No
3320,No
3321,Yes
3322,Yes
3323,Yes
3324,Yes
3325,No
3326,Yes
3327,No
3328,Yes
3329,Yes
3330,Yes
3331,Yes
3332,Yes
3333,No
3334,Yes
3335,No
3336,Yes
3337,Yes
3338,Yes
3339,No
3340,Yes
3341,Yes
3342,Yes
3343,Yes
3344,Yes
3345,Yes
3346,Yes
3347,No
3348,Yes
3349,Yes
3350,No
3351,Yes
3352,Yes
3353,Yes
3354,Yes
3355,Yes
3356,Yes
3357,Yes
3358,Yes
3359,Yes
3360,Yes
3361,Yes
3362,Yes
3363,No
3364,Yes
3365,Yes
3366,Yes
3367,Yes
3368,No
3369,No
3370,Yes
3371,No
3372,Yes
3373,Yes
3374,No
3375,No
3376,Yes
3377,No
3378,Yes
3379,Yes
3380,Yes
3381,Yes
3382,Yes
3383,Yes
3384,Yes
3385,No
3386,Yes
3387,No
3388,No
3389,No
3390,Yes
3391,Yes
3392,Yes
3393,No
3394,Yes
3395,Yes
3396,Yes
3397,Yes
3398,Yes
3399,Yes
3400,Yes
3401,Yes
3402,Yes
3403,Yes
3404,No
3405,Yes
3406,No
3407,Yes
3408,Yes
3409,Yes
3410,Yes
3411,Yes
3412,No
3413,Yes
3414,Yes
3415,No
3416,Yes
3417,Yes
3418,Yes
3419,Yes
3420,Yes
3421,Yes
3422,No
3423,Yes
3424,Yes
3425,Yes
3426,Yes
3427,No
3428,Yes
3429,No
3430,No
3431,No
3432,No
3433,No
3434,Yes
3435,No
3436,No
3437,Yes
3438,Yes
3439,Yes
3440,No
3441,No
3442,Yes
3443,Yes
3444,No
3445,Yes
3446,Yes
3447,Yes
3448,Yes
3449,No
3450,Yes
3451,No
3452,Yes
3453,No
3454,No
3455,Yes
3456,Yes
3457,Yes
3458,Yes
3459,Yes
3460,Yes
3461,No
3462,No
3463,Yes
3464,No
3465,Yes
3466,No
3467,No
3468,Yes
3469,Yes
3470,Yes
3471,No
3472,No
3473,No
3474,No
3475,Yes
3476,Yes
3477,No
3478,No
3479,Yes
3480,Yes
3481,Yes
3482,No
3483,No
3484,Yes
3485,Yes
3486,Yes
3487,Yes
3488,Yes
3489,No
3490,No
3491,Yes
3492,Yes
3493,Yes
3494,No
3495,Yes
3496,Yes
3497,No
3498,Yes
3499,Yes
3500,Yes
3501,No
3502,Yes
3503,No
3504,Yes
3505,Yes
3506,No
3507,Yes
3508,No
3509,Yes
3510,Yes
3511,Yes
3512,Yes
3513,Yes
3514,Yes
3515,No
3516,Yes
3517,Yes
3518,No
3519,Yes
3520,Yes
3521,Yes
3522,Yes
3523,No
3524,Yes
3525,Yes
3526,Yes
3527,No
3528,No
3529,Yes
3530,Yes
3531,Yes
3532,Yes
3533,Yes
3534,Yes
3535,Yes
3536,No
3537,No
3538,Yes
3539,Yes
3540,Yes
3541,Yes
3542,Yes
3543,No
3544,Yes
3545,Yes
3546,Yes
3547,No
3548,No
3549,Yes
3550,Yes
3551,No
3552,Yes
3553,Yes
3554,Yes
3555,Yes
3556,No
3557,No
3558,No
3559,No
3560,Yes
3561,Yes
3562,No
3563,No
3564,Yes
3565,Yes
3566,Yes
3567,Yes
3568,No
3569,Yes
3570,Yes
3571,Yes
3572,Yes
3573,Yes
3574,Yes
3575,No
3576,Yes
3577,Yes
3578,Yes
3579,Yes
3580,Yes
3581,Yes
3582,No
3583,No
3584,No
3585,Yes
3586,Yes
3587,Yes
3588,Yes
3589,Yes
3590,Yes
3591,Yes
3592,Yes
3593,Yes
3594,Yes
3595,Yes
3596,No
3597,No
3598,No
3599,Yes
3600,Yes
3601,Yes
3602,No
3603,Yes
3604,Yes
3605,No
3606,Yes
3607,No
3608,Yes
3609,Yes
3610,Yes
3611,Yes
3612,No
3613,Yes
3614,Yes
3615,Yes
3616,No
3617,Yes
3618,No
3619,Yes
3620,Yes
3621,Yes
3622,Yes
3623,No
3624,Yes
3625,Yes
3626,Yes
3627,No
3628,Yes
3629,Yes
3630,Yes
3631,Yes
3632,Yes
3633,No
3634,No
3635,Yes
3636,No
3637,No
3638,Yes
3639,Yes
3640,Yes
3641,No
3642,Yes
3643,Yes
3644,No
3645,No
3646,Yes
3647,Yes
3648,Yes
3649,Yes
3650,Yes
3651,No
3652,No
3653,Yes
3654,No
3655,Yes
3656,No
3657,No
3658,Yes
3659,No
3660,Yes
3661,Yes
3662,Yes
3663,Yes
3664,Yes
3665,Yes
3666,Yes
3667,Yes
3668,Yes
3669,No
3670,Yes
3671,Yes
3672,Yes
3673,Yes
3674,Yes
3675,Yes
3676,No
3677,No
3678,Yes
3679,Yes
3680,Yes
3681,No
3682,Yes
3683,Yes
3684,Yes
3685,Yes
3686,Yes
3687,Yes
3688,Yes
3689,Yes
3690,Yes
3691,No
3692,Yes
3693,Yes
3694,Yes
3695,Yes
3696,No
3697,No
3698,Yes
3699,No
3700,Yes
3701,Yes
3702,Yes
3703,Yes
3704,No
3705,No
3706,Yes
3707,Yes
3708,Yes
3709,Yes
3710,Yes
3711,No
3712,No
3713,Yes
3714,Yes
3715,Yes
3716,Yes
3717,No
3718,Yes
3719,Yes
3720,Yes
3721,Yes
3722,No
3723,Yes
3724,Yes
3725,No
3726,Yes
3727,Yes
3728,No
3729,No
3730,Yes
3731,No
3732,Yes
3733,Yes
3734,No
3735,Yes
3736,Yes
3737,Yes
3738,Yes
3739,Yes
3740,Yes
3741,Yes
3742,Yes
3743,Yes
3744,Yes
3745,No
3746,No
3747,No
3748,Yes
3749,No
3750,No
3751,Yes
3752,Yes
3753,Yes
3754,No
3755,Yes
3756,Yes
3757,Yes
3758,Yes
3759,Yes
3760,No
3761,No
3762,Yes
3763,Yes
3764,Yes
3765,Yes
3766,No
3767,No
3768,No
3769,No
3770,Yes
3771,No
3772,No
3773,Yes
3774,Yes
3775,Yes
3776,No
3777,Yes
3778,Yes
3779,Yes
3780,Yes
3781,No
3782,Yes
3783,No
3784,Yes
3785,Yes
3786,Yes
3787,Yes
3788,Yes
3789,No
3790,Yes
3791,No
3792,Yes
3793,No
3794,Yes
3795,Yes
3796,No
3797,Yes
3798,Yes
3799,Yes
3800,No
3801,Yes
3802,Yes
3803,Yes
3804,Yes
3805,Yes
3806,No
3807,No
3808,Yes
3809,Yes
3810,Yes
3811,No
3812,No
3813,Yes
3814,Yes
3815,Yes
3816,Yes
3817,Yes
3818,Yes
3819,Yes
3820,Yes
3821,Yes
3822,Yes
3823,Yes
3824,Yes
3825,Yes
3826,No
3827,Yes
3828,Yes
3829,Yes
3830,No
3831,Yes
3832,No
3833,Yes
3834,No
3835,No
3836,No
3837,Yes
3838,No
3839,No
3840,No
3841,Yes
3842,Yes
3843,Yes
3844,Yes
3845,Yes
3846,Yes
3847,Yes
3848,No
3849,Yes
3850,No
3851,Yes
3852,Yes
3853,No
3854,Yes
3855,No
3856,Yes
3857,Yes
3858,Yes
3859,Yes
3860,Yes
3861,No
3862,No
3863,Yes
3864,Yes
3865,No
3866,Yes
3867,Yes
3868,No
3869,Yes
3870,Yes
3871,Yes
3872,Yes
3873,Yes
3874,No
3875,Yes
3876,No
3877,Yes
3878,Yes
3879,Yes
3880,Yes
3881,Yes
3882,Yes
3883,No
3884,No
3885,No
3886,Yes
3887,Yes
3888,No
3889,Yes
3890,Yes
3891,No
3892,No
3893,Yes
3894,Yes
3895,Yes
3896,Yes
3897,No
3898,Yes
3899,No
3900,No
3901,Yes
3902,Yes
3903,Yes
3904,Yes
3905,No
3906,No
3907,Yes
3908,Yes
3909,No
3910,Yes
3911,Yes
3912,Yes
3913,Yes
3914,Yes
3915,No
3916,No
3917,No
3918,Yes
3919,Yes
3920,Yes
3921,Yes
3922,Yes
3923,Yes
3924,Yes
3925,Yes
3926,No
3927,Yes
3928,No
3929,Yes
3930,Yes
3931,Yes
3932,No
3933,Yes
3934,Yes
3935,No
3936,Yes
3937,Yes
3938,Yes
3939,No
3940,No
3941,Yes
3942,Yes
3943,Yes
3944,Yes
3945,Yes
3946,Yes
3947,No
3948,Yes
3949,No
3950,No
3951,Yes
3952,Yes
3953,Yes
3954,Yes
3955,No
3956,Yes
3957,No
3958,Yes
3959,Yes
3960,No
3961,No
3962,No
3963,Yes
3964,No
3965,Yes
3966,No
3967,No
3968,Yes
3969,Yes
3970,Yes
3971,Yes
3972,Yes
3973,No
3974,No
3975,Yes
3976,Yes
3977,Yes
3978,No
3979,Yes
3980,Yes
3981,Yes
3982,No
3983,Yes
3984,No
3985,Yes
3986,No
3987,Yes
3988,No
3989,No
3990,No
3991,Yes
3992,No
3993,No
3994,Yes
3995,Yes
3996,Yes
3997,Yes
3998,Yes
3999,Yes
4000,Yes
4001,Yes
4002,No
4003,No
4004,Yes
4005,Yes
4006,No
4007,No
4008,No
4009,Yes
4010,No
4011,Yes
4012,Yes
4013,No
4014,Yes
4015,Yes
4016,Yes
4017,Yes
4018,No
4019,Yes
4020,Yes
4021,Yes
4022,Yes
4023,Yes
4024,Yes
4025,Yes
4026,Yes
4027,Yes
4028,No
4029,Yes
4030,No
4031,No
4032,No
4033,Yes
4034,No
4035,Yes
4036,Yes
4037,Yes
4038,Yes
4039,Yes
4040,Yes
4041,No
4042,Yes
4043,Yes
4044,Yes
4045,No
4046,Yes
4047,No
4048,No
4049,Yes
4050,Yes
4051,Yes
4052,Yes
4053,No
4054,No
4055,Yes
4056,Yes
4057,Yes
4058,No
4059,Yes
4060,No
4061,Yes
4062,Yes
4063,Yes
4064,Yes
4065,Yes
4066,Yes
4067,Yes
4068,Yes
4069,Yes
4070,Yes
4071,Yes
4072,Yes
4073,No
4074,Yes
4075,Yes
4076,Yes
4077,No
4078,No
4079,No
4080,No
4081,Yes
4082,No
4083,No
4084,Yes
4085,Yes
4086,Yes
4087,Yes
4088,No
4089,Yes
4090,No
4091,Yes
4092,Yes
4093,Yes
4094,No
4095,Yes
4096,Yes
4097,Yes
4098,Yes
4099,Yes
4100,No
4101,Yes
4102,No
4103,No
4104,Yes
4105,Yes
4106,Yes
4107,Yes
4108,No
4109,Yes
4110,Yes
4111,No
4112,No
4113,Yes
4114,No
4115,No
4116,Yes
4117,Yes
4118,No
4119,Yes
4120,Yes
4121,Yes
4122,No
4123,No
4124,Yes
4125,Yes
4126,No
4127,Yes
4128,Yes
4129,No
4130,Yes
4131,Yes
4132,No
4133,Yes
4134,No
4135,No
4136,Yes
4137,Yes
4138,Yes
4139,Yes
4140,Yes
4141,Yes
4142,Yes
4143,No
4144,No
4145,Yes
4146,Yes
4147,No
4148,Yes
4149,Yes
4150,Yes
4151,Yes
4152,No
4153,Yes
4154,Yes
4155,No
4156,Yes
4157,Yes
4158,No
4159,Yes
4160,Yes
4161,Yes
4162,Yes
4163,Yes
4164,Yes
4165,No
4166,No
4167,Yes
4168,No
4169,Yes
4170,Yes
4171,Yes
4172,No
4173,Yes
4174,No
4175,No
4176,No
4177,Yes
4178,Yes
4179,Yes
4180,Yes
4181,Yes
4182,No
4183,Yes
4184,Yes
4185,No
4186,Yes
4187,Yes
4188,No
4189,Yes
4190,Yes
4191,No
4192,No
4193,No
4194,Yes
4195,Yes
4196,No
4197,Yes
4198,Yes
4199,Yes
4200,No
4201,Yes
4202,Yes
4203,Yes
4204,Yes
4205,Yes
4206,No
4207,Yes
4208,Yes
4209,Yes
4210,No
4211,No
4212,Yes
4213,Yes
4214,Yes
4215,Yes
4216,No
4217,No
4218,No
4219,Yes
4220,No
4221,Yes
4222,Yes
4223,No
4224,Yes
4225,Yes
4226,Yes
4227,Yes
4228,Yes
4229,No
4230,Yes
4231,No
4232,No
4233,Yes
4234,No
4235,Yes
4236,Yes
4237,Yes
4238,No
4239,Yes
4240,Yes
4241,Yes
4242,Yes
4243,Yes
4244,Yes
4245,No
4246,Yes
4247,Yes
4248,Yes
4249,Yes
4250,Yes
4251,No
4252,Yes
4253,Yes
4254,No
4255,Yes
4256,Yes
4257,Yes
4258,No
4259,No
4260,Yes
4261,Yes
4262,No
4263,Yes
4264,Yes
4265,No
4266,Yes
4267,No
4268,Yes
4269,Yes
4270,No
4271,Yes
4272,Yes
4273,Yes
4274,Yes
4275,No
4276,No
4277,Yes
4278,No
4279,No
4280,Yes
4281,Yes
4282,Yes
4283,Yes
4284,Yes
4285,Yes
4286,Yes
4287,No
4288,No
4289,No
4290,Yes
4291,Yes
4292,No
4293,Yes
4294,Yes
4295,Yes
4296,No
4297,Yes
4298,Yes
4299,Yes
4300,No
4301,Yes
4302,No
4303,No
4304,Yes
4305,No
4306,Yes
4307,Yes
4308,Yes
4309,Yes
4310,No
4311,No
4312,Yes
4313,Yes
4314,Yes
4315,No
4316,No
4317,Yes
4318,Yes
4319,Yes
4320,Yes
4321,Yes
4322,Yes
4323,No
4324,Yes
4325,No
4326,Yes
4327,Yes
4328,Yes
4329,Yes
4330,Yes
4331,Yes
4332,Yes
4333,Yes
4334,Yes
4335,No
4336,Yes
4337,Yes
4338,Yes
4339,No
4340,Yes
4341,No
4342,Yes
4343,Yes
4344,Yes
4345,Yes
4346,Yes
4347,Yes
4348,No
4349,No
4350,Yes
4351,No
4352,Yes
4353,Yes
4354,No
4355,Yes
4356,Yes
4357,Yes
4358,Yes
4359,Yes
4360,Yes
4361,Yes
4362,Yes
4363,Yes
4364,Yes
4365,Yes
4366,No
4367,No
4368,Yes
4369,Yes
4370,No
4371,Yes
4372,Yes
4373,Yes
4374,Yes
4375,Yes
4376,Yes
4377,No
4378,No
4379,No
4380,Yes
4381,Yes
4382,Yes
4383,No
4384,Yes
4385,Yes
4386,No
4387,Yes
4388,Yes
4389,Yes
4390,Yes
4391,No
4392,Yes
4393,No
4394,No
4395,Yes
4396,No
4397,Yes
4398,Yes
4399,Yes
4400,Yes
4401,Yes
4402,Yes
4403,No
4404,Yes
4405,Yes
4406,No
4407,No
4408,Yes
4409,No
4410,Yes
4411,Yes
4412,No
4413,Yes
4414,No
4415,Yes
4416,No
4417,Yes
4418,No
4419,Yes
4420,Yes
4421,No
4422,Yes
4423,Yes
4424,No
4425,No
4426,No
4427,Yes
4428,Yes
4429,Yes
4430,Yes
4431,No
4432,No
4433,No
4434,No
4435,No
4436,Yes
4437,Yes
4438,No
4439,No
4440,Yes
4441,Yes
4442,Yes
4443,No
4444,Yes
4445,Yes
4446,Yes
4447,Yes
4448,Yes
4449,No
4450,Yes
4451,Yes
4452,No
4453,No
4454,Yes
4455,Yes
4456,Yes
4457,Yes
4458,Yes
4459,Yes
4460,Yes
4461,No
4462,Yes
4463,No
4464,Yes
4465,Yes
4466,No
4467,Yes
4468,Yes
4469,No
4470,No
4471,Yes
4472,Yes
4473,No
4474,Yes
4475,No
4476,Yes
4477,Yes
4478,Yes
4479,Yes
4480,Yes
4481,Yes
4482,Yes
4483,No
4484,No
4485,Yes
4486,Yes
4487,Yes
4488,Yes
4489,Yes
4490,Yes
4491,No
4492,Yes
4493,Yes
4494,Yes
4495,No
4496,No
4497,Yes
4498,Yes
4499,No
4500,No
4501,Yes
4502,Yes
4503,No
4504,Yes
4505,Yes
4506,No
4507,Yes
4508,No
4509,No
4510,Yes
4511,No
4512,Yes
4513,Yes
4514,No
4515,Yes
4516,Yes
4517,No
4518,Yes
4519,Yes
4520,Yes
4521,Yes
4522,No
4523,Yes
4524,Yes
4525,No
4526,Yes
4527,No
4528,Yes
4529,Yes
4530,No
4531,Yes
4532,No
4533,Yes
4534,Yes
4535,Yes
4536,Yes
4537,Yes
4538,No
4539,No
4540,Yes
4541,No
4542,No
4543,Yes
4544,Yes
4545,Yes
4546,No
4547,No
4548,Yes
4549,Yes
4550,No
4551,Yes
4552,Yes
4553,No
4554,Yes
4555,Yes
4556,Yes
4557,No
4558,Yes
4559,Yes
4560,Yes
4561,No
4562,Yes
4563,No
4564,No
4565,No
4566,No
4567,Yes
4568,Yes
4569,Yes
4570,No
4571,Yes
4572,Yes
4573,Yes
4574,Yes
4575,No
4576,Yes
4577,No
4578,Yes
4579,Yes
4580,No
4581,Yes
4582,Yes
4583,Yes
4584,No
4585,Yes
4586,Yes
4587,Yes
4588,Yes
4589,Yes
4590,Yes
4591,No
4592,Yes
4593,Yes
4594,No
4595,Yes
4596,Yes
4597,No
4598,Yes
4599,No
4600,No
4601,Yes
4602,No
4603,Yes
4604,Yes
4605,Yes
4606,No
4607,No
4608,Yes
4609,Yes
4610,Yes
4611,No
4612,Yes
4613,Yes
4614,No
4615,Yes
4616,Yes
4617,No
4618,Yes
4619,Yes
4620,Yes
4621,Yes
4622,No
4623,Yes
4624,Yes
4625,Yes
4626,Yes
4627,No
4628,Yes
4629,No
4630,No
4631,No
4632,Yes
4633,No
4634,Yes
4635,Yes
4636,No
4637,No
4638,Yes
4639,Yes
4640,No
4641,Yes
4642,No
4643,No
4644,No
4645,Yes
4646,Yes
4647,Yes
4648,Yes
4649,Yes
4650,Yes
4651,Yes
4652,No
4653,Yes
4654,No
4655,No
4656,No
4657,No
4658,No
4659,Yes
4660,No
4661,No
4662,Yes
4663,Yes
4664,Yes
4665,No
4666,No
4667,Yes
4668,No
4669,Yes
4670,No
4671,No
4672,No
4673,No
4674,No
4675,Yes
4676,Yes
4677,Yes
4678,No
4679,Yes
4680,Yes
4681,Yes
4682,No
4683,Yes
4684,No
4685,No
4686,Yes
4687,Yes
4688,No
4689,Yes
4690,Yes
4691,Yes
4692,Yes
4693,Yes
4694,Yes
4695,Yes
4696,No
4697,No
4698,Yes
4699,Yes
4700,Yes
4701,Yes
4702,Yes
4703,Yes
4704,Yes
4705,No
4706,Yes
4707,Yes
4708,Yes
4709,Yes
4710,No
4711,No
4712,No
4713,Yes
4714,No
4715,Yes
4716,Yes
4717,Yes
4718,Yes
4719,Yes
4720,Yes
4721,Yes
4722,Yes
4723,Yes
4724,Yes
4725,Yes
4726,No
4727,Yes
4728,Yes
4729,No
4730,No
4731,Yes
4732,Yes
4733,Yes
4734,Yes
4735,No
4736,Yes
4737,No
4738,No
4739,Yes
4740,Yes
4741,Yes
4742,No
4743,No
4744,No
4745,Yes
4746,No
4747,Yes
4748,Yes
4749,No
4750,Yes
4751,Yes
4752,Yes
4753,Yes
4754,No
4755,Yes
4756,Yes
4757,No
4758,No
4759,No
4760,Yes
4761,Yes
4762,Yes
4763,Yes
4764,Yes
4765,Yes
4766,No
4767,No
4768,No
4769,No
4770,Yes
4771,No
4772,Yes
4773,No
4774,Yes
4775,No
4776,Yes
4777,Yes
4778,No
4779,No
4780,No
4781,No
4782,Yes
4783,No
4784,No
4785,Yes
4786,No
4787,Yes
4788,Yes
4789,Yes
4790,Yes
4791,Yes
4792,Yes
4793,Yes
4794,Yes
4795,Yes
4796,Yes
4797,Yes
4798,No
4799,Yes
4800,No
4801,Yes
4802,No
4803,No
4804,Yes
4805,No
4806,No
4807,No
4808,Yes
4809,Yes
4810,No
4811,No
4812,No
4813,Yes
4814,Yes
4815,Yes
4816,No
4817,Yes
4818,No
4819,Yes
4820,No
4821,Yes
4822,Yes
4823,Yes
4824,No
4825,Yes
4826,No
4827,Yes
4828,No
4829,Yes
4830,No
4831,Yes
4832,No
4833,Yes
4834,No
4835,No
4836,Yes
4837,No
4838,Yes
4839,Yes
4840,No
4841,No
4842,Yes
4843,No
4844,Yes
4845,No
4846,Yes
4847,Yes
4848,Yes
4849,Yes
4850,No
4851,Yes
4852,Yes
4853,No
4854,No
4855,No
4856,No
4857,Yes
4858,Yes
4859,No
4860,Yes
4861,Yes
4862,Yes
4863,Yes
4864,Yes
4865,Yes
4866,No
4867,Yes
4868,No
4869,Yes
4870,Yes
4871,No
4872,Yes
4873,Yes
4874,Yes
4875,Yes
4876,No
4877,No
4878,Yes
4879,No
4880,Yes
4881,No
4882,No
4883,No
4884,Yes
4885,Yes
4886,No
4887,Yes
4888,Yes
4889,No
4890,No
4891,Yes
4892,No
4893,No
4894,Yes
4895,Yes
4896,Yes
4897,Yes
4898,Yes
4899,Yes
4900,Yes
4901,Yes
4902,Yes
4903,Yes
4904,Yes
4905,No
4906,Yes
4907,Yes
4908,Yes
4909,Yes
4910,Yes
4911,Yes
4912,No
4913,Yes
4914,No
4915,Yes
4916,Yes
4917,Yes
4918,Yes
4919,No
4920,No
4921,No
4922,Yes
4923,Yes
4924,Yes
4925,Yes
4926,No
4927,Yes
4928,No
4929,Yes
4930,Yes
4931,No
4932,Yes
4933,Yes
4934,Yes
4935,No
4936,Yes
4937,Yes
4938,No
4939,No
4940,Yes
4941,Yes
4942,No
4943,Yes
4944,Yes
4945,Yes
4946,No
4947,Yes
4948,No
4949,Yes
4950,Yes
4951,Yes
4952,Yes
4953,Yes
4954,No
4955,Yes
4956,Yes
4957,Yes
4958,Yes
4959,Yes
4960,Yes
4961,No
4962,Yes
4963,No
4964,No
4965,Yes
4966,No
4967,No
4968,Yes
4969,Yes
4970,No
4971,No
4972,Yes
4973,Yes
4974,No
4975,No
4976,No
4977,Yes
4978,Yes
4979,Yes
4980,Yes
4981,No
4982,No
4983,Yes
4984,Yes
4985,Yes
4986,Yes
4987,Yes
4988,Yes
4989,No
4990,Yes
4991,No
4992,Yes
4993,Yes
4994,Yes
4995,Yes
4996,Yes
4997,No
4998,No
4999,No
5000,Yes
5001,Yes
5002,No
5003,Yes
5004,No
5005,Yes
5006,No
5007,Yes
5008,Yes
5009,Yes
5010,Yes
5011,No
5012,Yes
5013,Yes
5014,Yes
5015,No
5016,No
5017,Yes
5018,No
5019,Yes
5020,Yes
5021,No
5022,Yes
5023,Yes
5024,Yes
5025,Yes
5026,Yes
5027,Yes
5028,No
5029,No
5030,Yes
5031,Yes
5032,No
5033,No
5034,Yes
5035,Yes
5036,Yes
5037,Yes
5038,No
5039,Yes
5040,No
5041,Yes
5042,No
5043,No
5044,No
5045,Yes
5046,No
5047,Yes
5048,Yes
5049,No
5050,Yes
5051,No
5052,No
5053,Yes
5054,Yes
5055,Yes
5056,Yes
5057,Yes
5058,Yes
5059,Yes
5060,No
5061,Yes
5062,No
5063,Yes
5064,Yes
5065,Yes
5066,Yes
5067,Yes
5068,No
5069,No
5070,No
5071,Yes
5072,No
5073,Yes
5074,No
5075,Yes
5076,Yes
5077,Yes
5078,No
5079,Yes
5080,No
5081,No
5082,Yes
5083,Yes
5084,No
5085,Yes
5086,Yes
5087,Yes
5088,Yes
5089,Yes
5090,No
5091,Yes
5092,No
5093,Yes
5094,Yes
5095,No
5096,No
5097,Yes
5098,No
5099,Yes
5100,No
5101,Yes
5102,No
5103,Yes
5104,No
5105,Yes
5106,Yes
5107,Yes
5108,Yes
5109,Yes
5110,No
5111,Yes
5112,Yes
5113,Yes
5114,Yes
5115,Yes
5116,Yes
5117,Yes
5118,Yes
5119,Yes
5120,No
5121,Yes
5122,Yes
5123,No
5124,Yes
5125,Yes
5126,Yes
5127,No
5128,No
5129,No
5130,No
5131,Yes
5132,Yes
5133,No
5134,Yes
5135,No
5136,No
5137,Yes
5138,Yes
5139,Yes
5140,Yes
5141,Yes
5142,Yes
5143,No
5144,Yes
5145,Yes
5146,No
5147,Yes
5148,Yes
5149,Yes
5150,Yes
5151,Yes
5152,Yes
5153,No
5154,Yes
5155,Yes
5156,No
5157,No
5158,Yes
5159,Yes
5160,Yes
5161,No
5162,Yes
5163,No
5164,Yes
5165,No
5166,Yes
5167,Yes
5168,No
5169,Yes
5170,Yes
5171,Yes
5172,No
5173,No
5174,Yes
5175,Yes
5176,Yes
5177,Yes
5178,No
5179,Yes
5180,Yes
5181,No
5182,Yes
5183,Yes
5184,No
5185,No
5186,No
5187,No
5188,No
5189,Yes
5190,Yes
5191,Yes
5192,Yes
5193,No
5194,Yes
5195,No
5196,Yes
5197,Yes
5198,Yes
5199,Yes
5200,Yes
5201,No
5202,No
5203,Yes
5204,Yes
5205,Yes
5206,Yes
5207,Yes
5208,Yes
5209,Yes
5210,No
5211,No
5212,No
5213,Yes
5214,Yes
5215,Yes
5216,Yes
5217,Yes
5218,No
5219,Yes
5220,Yes
5221,No
5222,No
5223,Yes
5224,No
5225,Yes
5226,Yes
5227,No
5228,Yes
5229,Yes
5230,Yes
5231,No
5232,No
5233,Yes
5234,Yes
5235,No
5236,Yes
5237,Yes
5238,Yes
5239,No
5240,Yes
5241,No
5242,Yes
5243,Yes
5244,Yes
5245,No
5246,No
5247,Yes
5248,Yes
5249,Yes
5250,No
5251,Yes
5252,No
5253,Yes
5254,Yes
5255,Yes
5256,No
5257,Yes
5258,Yes
5259,Yes
5260,Yes
5261,Yes
5262,Yes
5263,Yes
5264,Yes
5265,No
5266,No
5267,No
5268,No
5269,Yes
5270,Yes
5271,Yes
5272,Yes
5273,Yes
5274,Yes
5275,No
5276,Yes
5277,Yes
5278,Yes
5279,No
5280,No
5281,No
5282,No
5283,Yes
5284,Yes
5285,Yes
5286,Yes
5287,Yes
5288,Yes
5289,No
5290,Yes
5291,No
5292,No
5293,No
5294,Yes
5295,Yes
5296,Yes
5297,No
5298,No
5299,No
5300,Yes
5301,Yes
5302,No
5303,Yes
5304,Yes
